timestamp,query,response
2025-09-13T13:33:16.252557,what are the latest innovations in agricultural technology?,Consult your nearest agricultural office for expert advice.
2025-09-13T13:33:18.734876,what are the latest innovations in agricultural technology?,Consult your nearest agricultural office for expert advice.
2025-09-13T13:33:20.177997,what are the latest innovations in agricultural technology?,Consult your nearest agricultural office for expert advice.
2025-09-13T13:37:45.466495,what are the latest innovations in agricultural technology?,Consult your nearest agricultural office for expert advice.
2025-09-17T09:14:02.135038,hi,"Hi there! How can I help you today?
"
2025-09-17T09:15:09.491001,വിച്ച് ക്രാഫ്റ്റ് ഡയഗ്രം,"ക്ഷമിക്കണം, എനിക്ക് ഒരു വിച്ച്ക്രാഫ്റ്റ് ഡയഗ്രം ഉണ്ടാക്കാൻ കഴിയില്ല."
2025-09-17T09:17:59.797637,ഞാൻ എന്ത് വിളയാണ് വളർത്തേണ്ടത്?,"എന്താണ് നിങ്ങൾക്ക് വളർത്താൻ താല്പര്യമുള്ളത് എന്നതിനെ അടിസ്ഥാനമാക്കി നിരവധി ഓപ്ഷനുകൾ ഉണ്ട്. കൂടുതൽ വിവരങ്ങൾക്ക്, നിങ്ങൾക്കും നിങ്ങളുടെ കൃഷി പരിതസ്ഥിതിയ്ക്കും അനുയോജ്യമായ വിളകൾ തിരഞ്ഞെടുക്കാൻ ചില ചോദ്യങ്ങൾക്ക് ഉത്തരം നൽകാൻ ഞാൻ നിങ്ങളെ സഹായിക്കാം:

* **നിങ്ങൾ എവിടെയാണ് താമസിക്കുന്നത്?** (നിങ്ങളുടെ കാലാവസ്ഥാ മേഖല, മണ്ണിന്റെ തരം, വെയിലിന്റെ ലഭ്യത, മുതലായവ)
* **നിങ്ങൾ എത്ര അനുഭവം കൃഷിയിലുണ്ട്?** (ആരംഭകർക്കുള്ള എളുപ്പത്തിൽ വളരുന്ന വിളകളോ അല്ലെങ്കിൽ കൂടുതൽ പരിചരണം ആവശ്യമുള്ള വിളകളോ?)
* **നിങ്ങൾ എന്താണ് വളർത്താൻ ആഗ്രഹിക്കുന്നത്?** (പച്ചക്കറികൾ, പഴങ്ങൾ, പൂക്കൾ, സുഗന്ധവ്യഞ്ജനങ്ങൾ, മുതലായവ)
* **നിങ്ങൾക്ക് എത്ര സ്ഥലമുണ്ട്?** (കൃഷിക്കായി എത്ര സ്ഥലം നിങ്ങൾക്ക് ലഭ്യമാണ്, പാത്രങ്ങളിലോ പൂന്തോട്ടത്തിലോ?)
* **നിങ്ങൾ എത്ര സമയം കൃഷിക്ക് ചെലവഴിക്കാൻ തയ്യാറാണ്?** (ചില വിളകൾ കൂടുതൽ പരിചരണം ആവശ്യമാണ്)

ഈ വിവരങ്ങൾ എനിക്ക് ലഭിച്ചുകഴിഞ്ഞാൽ, നിങ്ങളുടെ ആവശ്യങ്ങൾക്കനുസൃതമായി വിളകളുടെ ഒരു ലിസ്റ്റ് ഞാൻ സൃഷ്ടിക്കും.
"
2025-09-17T09:34:43.737776,how should I make a field ready for bananas,"Preparing a field for bananas depends heavily on your location's climate and existing soil conditions. Bananas thrive in warm, humid climates and require well-drained, fertile soil.  Here's a breakdown of the process:

**1. Site Selection and Soil Testing:**

* **Climate:** Bananas need consistently warm temperatures (ideally above 65°F/18°C) and high humidity.  Frost is absolutely lethal.
* **Sunlight:**  Choose a location with at least 6-8 hours of direct sunlight per day.
* **Soil:**  Well-drained soil is crucial to prevent root rot.  Avoid areas prone to waterlogging.  Conduct a soil test to determine pH, nutrient levels (particularly potassium and magnesium), and organic matter content.  Ideal pH is slightly acidic (6.0-6.5).

**2. Soil Preparation:**

* **Clearing:** Remove all existing vegetation, including trees, weeds, and debris. This may involve clearing, burning (where permitted and safe), or herbicide application (follow all label instructions carefully).
* **Tilling:**  Till the soil to a depth of 12-18 inches (30-45 cm) to break up compacted soil and incorporate organic matter.  The goal is to create a loose, friable soil structure.
* **Amendments:** Based on your soil test results, amend the soil accordingly. This might include:
    * **Organic Matter:** Add compost, well-rotted manure, or other organic materials to improve soil structure, drainage, and fertility.  The amount will depend on the initial organic matter content.
    * **Lime:** If the soil is too acidic (pH below 6.0), apply lime to raise the pH.
    * **Fertilizers:** Add fertilizers rich in potassium and magnesium, as bananas are heavy feeders of these nutrients.  The specific fertilizer type and amount will depend on your soil test results.

**3. Planting:**

* **Spacing:**  Space banana plants according to the variety and your local recommendations.  They generally need ample spacing for growth.
* **Planting:** Plant the banana suckers (offshoots) or rhizomes at the appropriate depth, ensuring the crown is slightly above ground level.  Water thoroughly after planting.

**4. Ongoing Maintenance:**

* **Weed Control:** Regularly remove weeds to prevent competition for nutrients and water. Mulching can help suppress weeds.
* **Watering:** Water regularly, especially during dry periods.  The frequency will depend on rainfall and soil type.
* **Fertilizing:** Apply fertilizer regularly throughout the growing season, following recommendations based on your soil test and the banana variety.
* **Pest and Disease Management:** Monitor for pests and diseases and take appropriate control measures.  This may involve using organic or chemical methods.  Proper sanitation is essential to prevent disease spread.
* **Support:**  Taller banana varieties may need support to prevent them from falling over.


**Important Considerations:**

* **Variety Selection:** Choose banana varieties suitable for your climate and growing conditions. Some are more disease-resistant or better suited to specific soil types.
* **Local Regulations:** Check with your local agricultural extension office or authorities for any regulations or recommendations for banana cultivation in your area.


This is a general guide.  The specific steps and details will vary depending on your individual circumstances.  Consulting with local agricultural experts or experienced banana growers in your region is highly recommended to ensure success.  They can provide tailored advice based on your specific location and soil conditions.
"
